{
  "timestamp": "2026-01-21T00:28:50.295834",
  "config": {
    "num_vectors": 1000,
    "dimension": 768,
    "batch_size": 1000,
    "ef_construction": 200,
    "max_connections": 16,
    "safe_mode": "0",
    "profiling_enabled": "1"
  },
  "summary": {
    "total_vectors": 1000,
    "total_insert_time_ms": 254.603166,
    "vectors_per_second": 3927.680930723383,
    "us_per_vector": 254.603166,
    "search_time_ms": 0.844084,
    "peak_memory_mb": 9.460450172424316,
    "index_size": 1000
  },
  "memory": {
    "peak_mb": 9.460450172424316,
    "current_mb": 3.634946823120117,
    "allocations": 0,
    "vector_data_mb": 2.93731689453125,
    "overhead_mb": 6.523133277893066
  },
  "python_layer": {
    "name": "python",
    "timings": {
      "numpy_ascontiguous": {
        "name": "numpy_ascontiguous",
        "count": 1,
        "total_ms": 0.005833,
        "mean_ms": 0.005833,
        "std_ms": 0,
        "min_ms": 0.005833,
        "max_ms": 0.005833,
        "p50_ms": 0.005833,
        "p95_ms": 0.005833,
        "p99_ms": 0.005833
      },
      "dtype_conversion": {
        "name": "dtype_conversion",
        "count": 1,
        "total_ms": 0.003875,
        "mean_ms": 0.003875,
        "std_ms": 0,
        "min_ms": 0.003875,
        "max_ms": 0.003875,
        "p50_ms": 0.003875,
        "p95_ms": 0.003875,
        "p99_ms": 0.003875
      },
      "data_validation": {
        "name": "data_validation",
        "count": 1,
        "total_ms": 0.00475,
        "mean_ms": 0.00475,
        "std_ms": 0,
        "min_ms": 0.00475,
        "max_ms": 0.00475,
        "p50_ms": 0.00475,
        "p95_ms": 0.00475,
        "p99_ms": 0.00475
      },
      "ffi_ptr_creation": {
        "name": "ffi_ptr_creation",
        "count": 1,
        "total_ms": 0.035959,
        "mean_ms": 0.035959,
        "std_ms": 0,
        "min_ms": 0.035959,
        "max_ms": 0.035959,
        "p50_ms": 0.035959,
        "p95_ms": 0.035959,
        "p99_ms": 0.035959
      },
      "ffi_call_overhead": {
        "name": "ffi_call_overhead",
        "count": 1,
        "total_ms": 0.002042,
        "mean_ms": 0.002042,
        "std_ms": 0,
        "min_ms": 0.002042,
        "max_ms": 0.002042,
        "p50_ms": 0.002042,
        "p95_ms": 0.002042,
        "p99_ms": 0.002042
      },
      "batch_total": {
        "name": "batch_total",
        "count": 1,
        "total_ms": 254.454667,
        "mean_ms": 254.454667,
        "std_ms": 0,
        "min_ms": 254.454667,
        "max_ms": 254.454667,
        "p50_ms": 254.454667,
        "p95_ms": 254.454667,
        "p99_ms": 254.454667
      },
      "index_creation": {
        "name": "index_creation",
        "count": 1,
        "total_ms": 250.443417,
        "mean_ms": 250.443417,
        "std_ms": 0,
        "min_ms": 250.443417,
        "max_ms": 250.443417,
        "p50_ms": 250.443417,
        "p95_ms": 250.443417,
        "p99_ms": 250.443417
      },
      "search_total": {
        "name": "search_total",
        "count": 1,
        "total_ms": 0.844084,
        "mean_ms": 0.844084,
        "std_ms": 0,
        "min_ms": 0.844084,
        "max_ms": 0.844084,
        "p50_ms": 0.844084,
        "p95_ms": 0.844084,
        "p99_ms": 0.844084
      }
    },
    "counts": {
      "vectors_inserted": 1000
    }
  }
}